{
  "learning_rate": 0.00028920758721356452,
  "n_steps": 256,
  "gamma": 0.9956322238501821,
  "gae_lambda": 0.9132588469215427,
  "clip_range": 0.29444313225139085
}
